,year,month,Vacancies_HWI_hat,Month,Date,Vacancies_JOLTS
0,1951.0,1.0,4000.0,Jan,1951-01-01,
1,1951.0,2.0,4100.0,Feb,1951-02-01,
2,1951.0,3.0,4300.0,Mar,1951-03-01,
3,1951.0,4.0,4200.0,Apr,1951-04-01,
4,1951.0,5.0,4300.0,May,1951-05-01,
5,1951.0,6.0,4100.0,Jun,1951-06-01,
6,1951.0,7.0,4200.0,Jul,1951-07-01,
7,1951.0,8.0,4200.0,Aug,1951-08-01,
8,1951.0,9.0,4100.0,Sep,1951-09-01,
9,1951.0,10.0,4200.0,Oct,1951-10-01,
10,1951.0,11.0,4200.0,Nov,1951-11-01,
11,1951.0,12.0,4200.0,Dec,1951-12-01,
12,1952.0,1.0,4400.0,Jan,1952-01-01,
13,1952.0,2.0,4300.0,Feb,1952-02-01,
14,1952.0,3.0,4200.0,Mar,1952-03-01,
15,1952.0,4.0,4300.0,Apr,1952-04-01,
16,1952.0,5.0,4200.0,May,1952-05-01,
17,1952.0,6.0,4200.0,Jun,1952-06-01,
18,1952.0,7.0,4300.0,Jul,1952-07-01,
19,1952.0,8.0,4300.0,Aug,1952-08-01,
20,1952.0,9.0,4600.0,Sep,1952-09-01,
21,1952.0,10.0,4800.0,Oct,1952-10-01,
22,1952.0,11.0,4800.0,Nov,1952-11-01,
23,1952.0,12.0,4800.0,Dec,1952-12-01,
24,1953.0,1.0,4700.0,Jan,1953-01-01,
25,1953.0,2.0,4700.0,Feb,1953-02-01,
26,1953.0,3.0,5000.0,Mar,1953-03-01,
27,1953.0,4.0,4900.0,Apr,1953-04-01,
28,1953.0,5.0,4700.0,May,1953-05-01,
29,1953.0,6.0,4500.0,Jun,1953-06-01,
30,1953.0,7.0,4300.0,Jul,1953-07-01,
31,1953.0,8.0,4100.0,Aug,1953-08-01,
32,1953.0,9.0,4000.0,Sep,1953-09-01,
33,1953.0,10.0,3600.0,Oct,1953-10-01,
34,1953.0,11.0,3300.0,Nov,1953-11-01,
35,1953.0,12.0,3000.0,Dec,1953-12-01,
36,1954.0,1.0,2900.0,Jan,1954-01-01,
37,1954.0,2.0,2800.0,Feb,1954-02-01,
38,1954.0,3.0,2700.0,Mar,1954-03-01,
39,1954.0,4.0,2700.0,Apr,1954-04-01,
40,1954.0,5.0,2600.0,May,1954-05-01,
41,1954.0,6.0,2700.0,Jun,1954-06-01,
42,1954.0,7.0,2600.0,Jul,1954-07-01,
43,1954.0,8.0,2600.0,Aug,1954-08-01,
44,1954.0,9.0,2600.0,Sep,1954-09-01,
45,1954.0,10.0,2600.0,Oct,1954-10-01,
46,1954.0,11.0,2800.0,Nov,1954-11-01,
47,1954.0,12.0,2900.0,Dec,1954-12-01,
48,1955.0,1.0,3000.0,Jan,1955-01-01,
49,1955.0,2.0,3200.0,Feb,1955-02-01,
50,1955.0,3.0,3400.0,Mar,1955-03-01,
51,1955.0,4.0,3400.0,Apr,1955-04-01,
52,1955.0,5.0,3600.0,May,1955-05-01,
53,1955.0,6.0,3800.0,Jun,1955-06-01,
54,1955.0,7.0,3900.0,Jul,1955-07-01,
55,1955.0,8.0,4100.0,Aug,1955-08-01,
56,1955.0,9.0,4300.0,Sep,1955-09-01,
57,1955.0,10.0,4200.0,Oct,1955-10-01,
58,1955.0,11.0,4400.0,Nov,1955-11-01,
59,1955.0,12.0,4600.0,Dec,1955-12-01,
60,1956.0,1.0,4400.0,Jan,1956-01-01,
61,1956.0,2.0,4500.0,Feb,1956-02-01,
62,1956.0,3.0,4500.0,Mar,1956-03-01,
63,1956.0,4.0,4500.0,Apr,1956-04-01,
64,1956.0,5.0,4500.0,May,1956-05-01,
65,1956.0,6.0,4400.0,Jun,1956-06-01,
66,1956.0,7.0,4200.0,Jul,1956-07-01,
67,1956.0,8.0,4300.0,Aug,1956-08-01,
68,1956.0,9.0,4300.0,Sep,1956-09-01,
69,1956.0,10.0,4500.0,Oct,1956-10-01,
70,1956.0,11.0,4500.0,Nov,1956-11-01,
71,1956.0,12.0,4300.0,Dec,1956-12-01,
72,1957.0,1.0,4500.0,Jan,1957-01-01,
73,1957.0,2.0,4300.0,Feb,1957-02-01,
74,1957.0,3.0,4200.0,Mar,1957-03-01,
75,1957.0,4.0,4000.0,Apr,1957-04-01,
76,1957.0,5.0,4000.0,May,1957-05-01,
77,1957.0,6.0,3800.0,Jun,1957-06-01,
78,1957.0,7.0,3900.0,Jul,1957-07-01,
79,1957.0,8.0,3700.0,Aug,1957-08-01,
80,1957.0,9.0,3600.0,Sep,1957-09-01,
81,1957.0,10.0,3400.0,Oct,1957-10-01,
82,1957.0,11.0,3000.0,Nov,1957-11-01,
83,1957.0,12.0,2900.0,Dec,1957-12-01,
84,1958.0,1.0,2800.0,Jan,1958-01-01,
85,1958.0,2.0,2600.0,Feb,1958-02-01,
86,1958.0,3.0,2500.0,Mar,1958-03-01,
87,1958.0,4.0,2400.0,Apr,1958-04-01,
88,1958.0,5.0,2400.0,May,1958-05-01,
89,1958.0,6.0,2500.0,Jun,1958-06-01,
90,1958.0,7.0,2600.0,Jul,1958-07-01,
91,1958.0,8.0,2700.0,Aug,1958-08-01,
92,1958.0,9.0,2900.0,Sep,1958-09-01,
93,1958.0,10.0,2900.0,Oct,1958-10-01,
94,1958.0,11.0,3000.0,Nov,1958-11-01,
95,1958.0,12.0,3200.0,Dec,1958-12-01,
96,1959.0,1.0,3200.0,Jan,1959-01-01,
97,1959.0,2.0,3400.0,Feb,1959-02-01,
98,1959.0,3.0,3600.0,Mar,1959-03-01,
99,1959.0,4.0,3800.0,Apr,1959-04-01,
100,1959.0,5.0,3800.0,May,1959-05-01,
101,1959.0,6.0,4000.0,Jun,1959-06-01,
102,1959.0,7.0,4200.0,Jul,1959-07-01,
103,1959.0,8.0,4000.0,Aug,1959-08-01,
104,1959.0,9.0,4100.0,Sep,1959-09-01,
105,1959.0,10.0,4000.0,Oct,1959-10-01,
106,1959.0,11.0,4000.0,Nov,1959-11-01,
107,1959.0,12.0,4000.0,Dec,1959-12-01,
108,1960.0,1.0,4100.0,Jan,1960-01-01,
109,1960.0,2.0,4100.0,Feb,1960-02-01,
110,1960.0,3.0,3900.0,Mar,1960-03-01,
111,1960.0,4.0,3800.0,Apr,1960-04-01,
112,1960.0,5.0,3800.0,May,1960-05-01,
113,1960.0,6.0,3700.0,Jun,1960-06-01,
114,1960.0,7.0,3600.0,Jul,1960-07-01,
115,1960.0,8.0,3500.0,Aug,1960-08-01,
116,1960.0,9.0,3400.0,Sep,1960-09-01,
117,1960.0,10.0,3200.0,Oct,1960-10-01,
118,1960.0,11.0,3200.0,Nov,1960-11-01,
119,1960.0,12.0,3000.0,Dec,1960-12-01,
120,1961.0,1.0,3000.0,Jan,1961-01-01,
121,1961.0,2.0,3000.0,Feb,1961-02-01,
122,1961.0,3.0,3000.0,Mar,1961-03-01,
123,1961.0,4.0,3000.0,Apr,1961-04-01,
124,1961.0,5.0,3200.0,May,1961-05-01,
125,1961.0,6.0,3200.0,Jun,1961-06-01,
126,1961.0,7.0,3300.0,Jul,1961-07-01,
127,1961.0,8.0,3400.0,Aug,1961-08-01,
128,1961.0,9.0,3500.0,Sep,1961-09-01,
129,1961.0,10.0,3700.0,Oct,1961-10-01,
130,1961.0,11.0,3800.0,Nov,1961-11-01,
131,1961.0,12.0,3800.0,Dec,1961-12-01,
132,1962.0,1.0,4000.0,Jan,1962-01-01,
133,1962.0,2.0,3900.0,Feb,1962-02-01,
134,1962.0,3.0,3900.0,Mar,1962-03-01,
135,1962.0,4.0,3900.0,Apr,1962-04-01,
136,1962.0,5.0,4000.0,May,1962-05-01,
137,1962.0,6.0,3900.0,Jun,1962-06-01,
138,1962.0,7.0,3900.0,Jul,1962-07-01,
139,1962.0,8.0,3800.0,Aug,1962-08-01,
140,1962.0,9.0,3800.0,Sep,1962-09-01,
141,1962.0,10.0,3700.0,Oct,1962-10-01,
142,1962.0,11.0,3700.0,Nov,1962-11-01,
143,1962.0,12.0,3700.0,Dec,1962-12-01,
144,1963.0,1.0,3800.0,Jan,1963-01-01,
145,1963.0,2.0,3800.0,Feb,1963-02-01,
146,1963.0,3.0,3800.0,Mar,1963-03-01,
147,1963.0,4.0,3800.0,Apr,1963-04-01,
148,1963.0,5.0,3700.0,May,1963-05-01,
149,1963.0,6.0,3700.0,Jun,1963-06-01,
150,1963.0,7.0,3800.0,Jul,1963-07-01,
151,1963.0,8.0,3800.0,Aug,1963-08-01,
152,1963.0,9.0,3800.0,Sep,1963-09-01,
153,1963.0,10.0,3900.0,Oct,1963-10-01,
154,1963.0,11.0,3800.0,Nov,1963-11-01,
155,1963.0,12.0,4000.0,Dec,1963-12-01,
156,1964.0,1.0,4000.0,Jan,1964-01-01,
157,1964.0,2.0,4000.0,Feb,1964-02-01,
158,1964.0,3.0,4000.0,Mar,1964-03-01,
159,1964.0,4.0,4200.0,Apr,1964-04-01,
160,1964.0,5.0,4200.0,May,1964-05-01,
161,1964.0,6.0,4300.0,Jun,1964-06-01,
162,1964.0,7.0,4500.0,Jul,1964-07-01,
163,1964.0,8.0,4400.0,Aug,1964-08-01,
164,1964.0,9.0,4500.0,Sep,1964-09-01,
165,1964.0,10.0,4500.0,Oct,1964-10-01,
166,1964.0,11.0,4700.0,Nov,1964-11-01,
167,1964.0,12.0,4700.0,Dec,1964-12-01,
168,1965.0,1.0,4700.0,Jan,1965-01-01,
169,1965.0,2.0,4900.0,Feb,1965-02-01,
170,1965.0,3.0,5000.0,Mar,1965-03-01,
171,1965.0,4.0,5100.0,Apr,1965-04-01,
172,1965.0,5.0,5300.0,May,1965-05-01,
173,1965.0,6.0,5300.0,Jun,1965-06-01,
174,1965.0,7.0,5300.0,Jul,1965-07-01,
175,1965.0,8.0,5500.0,Aug,1965-08-01,
176,1965.0,9.0,5700.0,Sep,1965-09-01,
177,1965.0,10.0,5900.0,Oct,1965-10-01,
178,1965.0,11.0,6300.0,Nov,1965-11-01,
179,1965.0,12.0,6400.0,Dec,1965-12-01,
180,1966.0,1.0,6500.0,Jan,1966-01-01,
181,1966.0,2.0,6600.0,Feb,1966-02-01,
182,1966.0,3.0,7000.0,Mar,1966-03-01,
183,1966.0,4.0,6700.0,Apr,1966-04-01,
184,1966.0,5.0,6800.0,May,1966-05-01,
185,1966.0,6.0,6900.0,Jun,1966-06-01,
186,1966.0,7.0,6900.0,Jul,1966-07-01,
187,1966.0,8.0,6800.0,Aug,1966-08-01,
188,1966.0,9.0,6700.0,Sep,1966-09-01,
189,1966.0,10.0,6700.0,Oct,1966-10-01,
190,1966.0,11.0,6700.0,Nov,1966-11-01,
191,1966.0,12.0,6600.0,Dec,1966-12-01,
192,1967.0,1.0,6700.0,Jan,1967-01-01,
193,1967.0,2.0,6600.0,Feb,1967-02-01,
194,1967.0,3.0,6400.0,Mar,1967-03-01,
195,1967.0,4.0,6500.0,Apr,1967-04-01,
196,1967.0,5.0,6400.0,May,1967-05-01,
197,1967.0,6.0,6400.0,Jun,1967-06-01,
198,1967.0,7.0,6300.0,Jul,1967-07-01,
199,1967.0,8.0,6500.0,Aug,1967-08-01,
200,1967.0,9.0,6400.0,Sep,1967-09-01,
201,1967.0,10.0,6600.0,Oct,1967-10-01,
202,1967.0,11.0,6500.0,Nov,1967-11-01,
203,1967.0,12.0,6600.0,Dec,1967-12-01,
204,1968.0,1.0,6700.0,Jan,1968-01-01,
205,1968.0,2.0,6600.0,Feb,1968-02-01,
206,1968.0,3.0,6700.0,Mar,1968-03-01,
207,1968.0,4.0,6900.0,Apr,1968-04-01,
208,1968.0,5.0,6900.0,May,1968-05-01,
209,1968.0,6.0,6900.0,Jun,1968-06-01,
210,1968.0,7.0,7100.0,Jul,1968-07-01,
211,1968.0,8.0,7200.0,Aug,1968-08-01,
212,1968.0,9.0,7300.0,Sep,1968-09-01,
213,1968.0,10.0,7700.0,Oct,1968-10-01,
214,1968.0,11.0,7700.0,Nov,1968-11-01,
215,1968.0,12.0,7600.0,Dec,1968-12-01,
216,1969.0,1.0,7900.0,Jan,1969-01-01,
217,1969.0,2.0,7900.0,Feb,1969-02-01,
218,1969.0,3.0,8000.0,Mar,1969-03-01,
219,1969.0,4.0,8000.0,Apr,1969-04-01,
220,1969.0,5.0,8000.0,May,1969-05-01,
221,1969.0,6.0,7800.0,Jun,1969-06-01,
222,1969.0,7.0,7700.0,Jul,1969-07-01,
223,1969.0,8.0,7600.0,Aug,1969-08-01,
224,1969.0,9.0,8000.0,Sep,1969-09-01,
225,1969.0,10.0,7900.0,Oct,1969-10-01,
226,1969.0,11.0,7700.0,Nov,1969-11-01,
227,1969.0,12.0,7500.0,Dec,1969-12-01,
228,1970.0,1.0,7100.0,Jan,1970-01-01,
229,1970.0,2.0,7100.0,Feb,1970-02-01,
230,1970.0,3.0,6700.0,Mar,1970-03-01,
231,1970.0,4.0,6500.0,Apr,1970-04-01,
232,1970.0,5.0,6100.0,May,1970-05-01,
233,1970.0,6.0,6000.0,Jun,1970-06-01,
234,1970.0,7.0,5800.0,Jul,1970-07-01,
235,1970.0,8.0,5700.0,Aug,1970-08-01,
236,1970.0,9.0,5600.0,Sep,1970-09-01,
237,1970.0,10.0,5300.0,Oct,1970-10-01,
238,1970.0,11.0,5300.0,Nov,1970-11-01,
239,1970.0,12.0,5300.0,Dec,1970-12-01,
240,1971.0,1.0,5100.0,Jan,1971-01-01,
241,1971.0,2.0,5200.0,Feb,1971-02-01,
242,1971.0,3.0,5200.0,Mar,1971-03-01,
243,1971.0,4.0,5200.0,Apr,1971-04-01,
244,1971.0,5.0,5300.0,May,1971-05-01,
245,1971.0,6.0,5500.0,Jun,1971-06-01,
246,1971.0,7.0,5400.0,Jul,1971-07-01,
247,1971.0,8.0,5500.0,Aug,1971-08-01,
248,1971.0,9.0,5400.0,Sep,1971-09-01,
249,1971.0,10.0,5500.0,Oct,1971-10-01,
250,1971.0,11.0,5600.0,Nov,1971-11-01,
251,1971.0,12.0,5600.0,Dec,1971-12-01,
252,1972.0,1.0,5900.0,Jan,1972-01-01,
253,1972.0,2.0,6000.0,Feb,1972-02-01,
254,1972.0,3.0,6200.0,Mar,1972-03-01,
255,1972.0,4.0,6200.0,Apr,1972-04-01,
256,1972.0,5.0,6400.0,May,1972-05-01,
257,1972.0,6.0,6400.0,Jun,1972-06-01,
258,1972.0,7.0,6600.0,Jul,1972-07-01,
259,1972.0,8.0,6800.0,Aug,1972-08-01,
260,1972.0,9.0,6900.0,Sep,1972-09-01,
261,1972.0,10.0,7200.0,Oct,1972-10-01,
262,1972.0,11.0,7300.0,Nov,1972-11-01,
263,1972.0,12.0,8000.0,Dec,1972-12-01,
264,1973.0,1.0,8200.0,Jan,1973-01-01,
265,1973.0,2.0,8200.0,Feb,1973-02-01,
266,1973.0,3.0,8200.0,Mar,1973-03-01,
267,1973.0,4.0,8100.0,Apr,1973-04-01,
268,1973.0,5.0,8200.0,May,1973-05-01,
269,1973.0,6.0,8200.0,Jun,1973-06-01,
270,1973.0,7.0,8400.0,Jul,1973-07-01,
271,1973.0,8.0,8200.0,Aug,1973-08-01,
272,1973.0,9.0,8100.0,Sep,1973-09-01,
273,1973.0,10.0,8200.0,Oct,1973-10-01,
274,1973.0,11.0,8200.0,Nov,1973-11-01,
275,1973.0,12.0,7900.0,Dec,1973-12-01,
276,1974.0,1.0,7800.0,Jan,1974-01-01,
277,1974.0,2.0,7700.0,Feb,1974-02-01,
278,1974.0,3.0,7700.0,Mar,1974-03-01,
279,1974.0,4.0,7900.0,Apr,1974-04-01,
280,1974.0,5.0,7800.0,May,1974-05-01,
281,1974.0,6.0,7600.0,Jun,1974-06-01,
282,1974.0,7.0,7400.0,Jul,1974-07-01,
283,1974.0,8.0,7200.0,Aug,1974-08-01,
284,1974.0,9.0,6900.0,Sep,1974-09-01,
285,1974.0,10.0,6400.0,Oct,1974-10-01,
286,1974.0,11.0,5900.0,Nov,1974-11-01,
287,1974.0,12.0,5400.0,Dec,1974-12-01,
288,1975.0,1.0,5100.0,Jan,1975-01-01,
289,1975.0,2.0,5000.0,Feb,1975-02-01,
290,1975.0,3.0,4900.0,Mar,1975-03-01,
291,1975.0,4.0,4900.0,Apr,1975-04-01,
292,1975.0,5.0,4900.0,May,1975-05-01,
293,1975.0,6.0,5200.0,Jun,1975-06-01,
294,1975.0,7.0,5300.0,Jul,1975-07-01,
295,1975.0,8.0,5200.0,Aug,1975-08-01,
296,1975.0,9.0,5400.0,Sep,1975-09-01,
297,1975.0,10.0,5400.0,Oct,1975-10-01,
298,1975.0,11.0,5600.0,Nov,1975-11-01,
299,1975.0,12.0,5600.0,Dec,1975-12-01,
300,1976.0,1.0,5700.0,Jan,1976-01-01,
301,1976.0,2.0,6000.0,Feb,1976-02-01,
302,1976.0,3.0,6100.0,Mar,1976-03-01,
303,1976.0,4.0,6000.0,Apr,1976-04-01,
304,1976.0,5.0,6200.0,May,1976-05-01,
305,1976.0,6.0,6200.0,Jun,1976-06-01,
306,1976.0,7.0,6200.0,Jul,1976-07-01,
307,1976.0,8.0,6200.0,Aug,1976-08-01,
308,1976.0,9.0,6100.0,Sep,1976-09-01,
309,1976.0,10.0,6200.0,Oct,1976-10-01,
310,1976.0,11.0,6400.0,Nov,1976-11-01,
311,1976.0,12.0,6600.0,Dec,1976-12-01,
312,1977.0,1.0,6800.0,Jan,1977-01-01,
313,1977.0,2.0,6800.0,Feb,1977-02-01,
314,1977.0,3.0,7000.0,Mar,1977-03-01,
315,1977.0,4.0,7200.0,Apr,1977-04-01,
316,1977.0,5.0,7400.0,May,1977-05-01,
317,1977.0,6.0,7500.0,Jun,1977-06-01,
318,1977.0,7.0,7700.0,Jul,1977-07-01,
319,1977.0,8.0,7900.0,Aug,1977-08-01,
320,1977.0,9.0,7800.0,Sep,1977-09-01,
321,1977.0,10.0,8200.0,Oct,1977-10-01,
322,1977.0,11.0,8500.0,Nov,1977-11-01,
323,1977.0,12.0,8800.0,Dec,1977-12-01,
324,1978.0,1.0,8800.0,Jan,1978-01-01,
325,1978.0,2.0,8900.0,Feb,1978-02-01,
326,1978.0,3.0,9100.0,Mar,1978-03-01,
327,1978.0,4.0,9700.0,Apr,1978-04-01,
328,1978.0,5.0,9600.0,May,1978-05-01,
329,1978.0,6.0,9700.0,Jun,1978-06-01,
330,1978.0,7.0,9600.0,Jul,1978-07-01,
331,1978.0,8.0,9800.0,Aug,1978-08-01,
332,1978.0,9.0,9900.0,Sep,1978-09-01,
333,1978.0,10.0,10300.0,Oct,1978-10-01,
334,1978.0,11.0,10200.0,Nov,1978-11-01,
335,1978.0,12.0,10300.0,Dec,1978-12-01,
336,1979.0,1.0,10200.0,Jan,1979-01-01,
337,1979.0,2.0,10000.0,Feb,1979-02-01,
338,1979.0,3.0,10000.0,Mar,1979-03-01,
339,1979.0,4.0,10400.0,Apr,1979-04-01,
340,1979.0,5.0,10300.0,May,1979-05-01,
341,1979.0,6.0,10100.0,Jun,1979-06-01,
342,1979.0,7.0,10100.0,Jul,1979-07-01,
343,1979.0,8.0,10200.0,Aug,1979-08-01,
344,1979.0,9.0,10500.0,Sep,1979-09-01,
345,1979.0,10.0,10600.0,Oct,1979-10-01,
346,1979.0,11.0,10000.0,Nov,1979-11-01,
347,1979.0,12.0,9900.0,Dec,1979-12-01,
348,1980.0,1.0,9700.0,Jan,1980-01-01,
349,1980.0,2.0,9400.0,Feb,1980-02-01,
350,1980.0,3.0,9300.0,Mar,1980-03-01,
351,1980.0,4.0,8200.0,Apr,1980-04-01,
352,1980.0,5.0,7600.0,May,1980-05-01,
353,1980.0,6.0,7700.0,Jun,1980-06-01,
354,1980.0,7.0,7700.0,Jul,1980-07-01,
355,1980.0,8.0,7800.0,Aug,1980-08-01,
356,1980.0,9.0,8100.0,Sep,1980-09-01,
357,1980.0,10.0,8100.0,Oct,1980-10-01,
358,1980.0,11.0,8400.0,Nov,1980-11-01,
359,1980.0,12.0,8100.0,Dec,1980-12-01,
360,1981.0,1.0,8000.0,Jan,1981-01-01,
361,1981.0,2.0,8100.0,Feb,1981-02-01,
362,1981.0,3.0,8100.0,Mar,1981-03-01,
363,1981.0,4.0,8100.0,Apr,1981-04-01,
364,1981.0,5.0,8000.0,May,1981-05-01,
365,1981.0,6.0,8000.0,Jun,1981-06-01,
366,1981.0,7.0,8000.0,Jul,1981-07-01,
367,1981.0,8.0,7900.0,Aug,1981-08-01,
368,1981.0,9.0,7500.0,Sep,1981-09-01,
369,1981.0,10.0,7100.0,Oct,1981-10-01,
370,1981.0,11.0,7000.0,Nov,1981-11-01,
371,1981.0,12.0,6700.0,Dec,1981-12-01,
372,1982.0,1.0,6700.0,Jan,1982-01-01,
373,1982.0,2.0,6400.0,Feb,1982-02-01,
374,1982.0,3.0,6200.0,Mar,1982-03-01,
375,1982.0,4.0,6000.0,Apr,1982-04-01,
376,1982.0,5.0,5900.0,May,1982-05-01,
377,1982.0,6.0,5600.0,Jun,1982-06-01,
378,1982.0,7.0,5300.0,Jul,1982-07-01,
379,1982.0,8.0,5200.0,Aug,1982-08-01,
380,1982.0,9.0,4900.0,Sep,1982-09-01,
381,1982.0,10.0,4900.0,Oct,1982-10-01,
382,1982.0,11.0,5000.0,Nov,1982-11-01,
383,1982.0,12.0,5100.0,Dec,1982-12-01,
384,1983.0,1.0,5200.0,Jan,1983-01-01,
385,1983.0,2.0,5200.0,Feb,1983-02-01,
386,1983.0,3.0,5400.0,Mar,1983-03-01,
387,1983.0,4.0,5500.0,Apr,1983-04-01,
388,1983.0,5.0,6000.0,May,1983-05-01,
389,1983.0,6.0,6000.0,Jun,1983-06-01,
390,1983.0,7.0,6400.0,Jul,1983-07-01,
391,1983.0,8.0,6500.0,Aug,1983-08-01,
392,1983.0,9.0,6700.0,Sep,1983-09-01,
393,1983.0,10.0,7200.0,Oct,1983-10-01,
394,1983.0,11.0,7300.0,Nov,1983-11-01,
395,1983.0,12.0,7600.0,Dec,1983-12-01,
396,1984.0,1.0,7800.0,Jan,1984-01-01,
397,1984.0,2.0,8100.0,Feb,1984-02-01,
398,1984.0,3.0,8100.0,Mar,1984-03-01,
399,1984.0,4.0,8500.0,Apr,1984-04-01,
400,1984.0,5.0,8600.0,May,1984-05-01,
401,1984.0,6.0,8700.0,Jun,1984-06-01,
402,1984.0,7.0,8900.0,Jul,1984-07-01,
403,1984.0,8.0,8600.0,Aug,1984-08-01,
404,1984.0,9.0,8800.0,Sep,1984-09-01,
405,1984.0,10.0,8900.0,Oct,1984-10-01,
406,1984.0,11.0,8800.0,Nov,1984-11-01,
407,1984.0,12.0,9100.0,Dec,1984-12-01,
408,1985.0,1.0,8900.0,Jan,1985-01-01,
409,1985.0,2.0,9000.0,Feb,1985-02-01,
410,1985.0,3.0,9200.0,Mar,1985-03-01,
411,1985.0,4.0,9100.0,Apr,1985-04-01,
412,1985.0,5.0,9200.0,May,1985-05-01,
413,1985.0,6.0,9200.0,Jun,1985-06-01,
414,1985.0,7.0,9100.0,Jul,1985-07-01,
415,1985.0,8.0,9200.0,Aug,1985-08-01,
416,1985.0,9.0,9300.0,Sep,1985-09-01,
417,1985.0,10.0,9200.0,Oct,1985-10-01,
418,1985.0,11.0,9300.0,Nov,1985-11-01,
419,1985.0,12.0,9000.0,Dec,1985-12-01,
420,1986.0,1.0,9100.0,Jan,1986-01-01,
421,1986.0,2.0,9100.0,Feb,1986-02-01,
422,1986.0,3.0,9100.0,Mar,1986-03-01,
423,1986.0,4.0,9100.0,Apr,1986-04-01,
424,1986.0,5.0,9000.0,May,1986-05-01,
425,1986.0,6.0,9200.0,Jun,1986-06-01,
426,1986.0,7.0,9100.0,Jul,1986-07-01,
427,1986.0,8.0,9200.0,Aug,1986-08-01,
428,1986.0,9.0,9300.0,Sep,1986-09-01,
429,1986.0,10.0,9300.0,Oct,1986-10-01,
430,1986.0,11.0,9700.0,Nov,1986-11-01,
431,1986.0,12.0,9200.0,Dec,1986-12-01,
432,1987.0,1.0,9100.0,Jan,1987-01-01,
433,1987.0,2.0,9500.0,Feb,1987-02-01,
434,1987.0,3.0,9900.0,Mar,1987-03-01,
435,1987.0,4.0,9700.0,Apr,1987-04-01,
436,1987.0,5.0,9900.0,May,1987-05-01,
437,1987.0,6.0,10000.0,Jun,1987-06-01,
438,1987.0,7.0,10000.0,Jul,1987-07-01,
439,1987.0,8.0,10400.0,Aug,1987-08-01,
440,1987.0,9.0,10300.0,Sep,1987-09-01,
441,1987.0,10.0,10400.0,Oct,1987-10-01,
442,1987.0,11.0,10600.0,Nov,1987-11-01,
443,1987.0,12.0,10100.0,Dec,1987-12-01,
444,1988.0,1.0,10200.0,Jan,1988-01-01,
445,1988.0,2.0,10200.0,Feb,1988-02-01,
446,1988.0,3.0,10400.0,Mar,1988-03-01,
447,1988.0,4.0,10200.0,Apr,1988-04-01,
448,1988.0,5.0,10500.0,May,1988-05-01,
449,1988.0,6.0,10200.0,Jun,1988-06-01,
450,1988.0,7.0,10400.0,Jul,1988-07-01,
451,1988.0,8.0,10400.0,Aug,1988-08-01,
452,1988.0,9.0,10000.0,Sep,1988-09-01,
453,1988.0,10.0,10400.0,Oct,1988-10-01,
454,1988.0,11.0,10200.0,Nov,1988-11-01,
455,1988.0,12.0,10400.0,Dec,1988-12-01,
456,1989.0,1.0,10400.0,Jan,1989-01-01,
457,1989.0,2.0,10300.0,Feb,1989-02-01,
458,1989.0,3.0,9900.0,Mar,1989-03-01,
459,1989.0,4.0,10300.0,Apr,1989-04-01,
460,1989.0,5.0,9800.0,May,1989-05-01,
461,1989.0,6.0,9600.0,Jun,1989-06-01,
462,1989.0,7.0,9600.0,Jul,1989-07-01,
463,1989.0,8.0,9500.0,Aug,1989-08-01,
464,1989.0,9.0,9500.0,Sep,1989-09-01,
465,1989.0,10.0,9700.0,Oct,1989-10-01,
466,1989.0,11.0,9400.0,Nov,1989-11-01,
467,1989.0,12.0,9600.0,Dec,1989-12-01,
468,1990.0,1.0,9700.0,Jan,1990-01-01,
469,1990.0,2.0,9200.0,Feb,1990-02-01,
470,1990.0,3.0,9000.0,Mar,1990-03-01,
471,1990.0,4.0,9000.0,Apr,1990-04-01,
472,1990.0,5.0,8600.0,May,1990-05-01,
473,1990.0,6.0,8600.0,Jun,1990-06-01,
474,1990.0,7.0,8500.0,Jul,1990-07-01,
475,1990.0,8.0,8200.0,Aug,1990-08-01,
476,1990.0,9.0,8100.0,Sep,1990-09-01,
477,1990.0,10.0,7500.0,Oct,1990-10-01,
478,1990.0,11.0,7100.0,Nov,1990-11-01,
479,1990.0,12.0,7100.0,Dec,1990-12-01,
480,1991.0,1.0,6700.0,Jan,1991-01-01,
481,1991.0,2.0,6400.0,Feb,1991-02-01,
482,1991.0,3.0,6300.0,Mar,1991-03-01,
483,1991.0,4.0,6300.0,Apr,1991-04-01,
484,1991.0,5.0,6100.0,May,1991-05-01,
485,1991.0,6.0,6400.0,Jun,1991-06-01,
486,1991.0,7.0,6100.0,Jul,1991-07-01,
487,1991.0,8.0,6000.0,Aug,1991-08-01,
488,1991.0,9.0,6200.0,Sep,1991-09-01,
489,1991.0,10.0,5900.0,Oct,1991-10-01,
490,1991.0,11.0,6000.0,Nov,1991-11-01,
491,1991.0,12.0,6000.0,Dec,1991-12-01,
492,1992.0,1.0,5900.0,Jan,1992-01-01,
493,1992.0,2.0,6100.0,Feb,1992-02-01,
494,1992.0,3.0,6400.0,Mar,1992-03-01,
495,1992.0,4.0,6100.0,Apr,1992-04-01,
496,1992.0,5.0,6300.0,May,1992-05-01,
497,1992.0,6.0,6300.0,Jun,1992-06-01,
498,1992.0,7.0,6100.0,Jul,1992-07-01,
499,1992.0,8.0,6300.0,Aug,1992-08-01,
500,1992.0,9.0,6200.0,Sep,1992-09-01,
501,1992.0,10.0,6200.0,Oct,1992-10-01,
502,1992.0,11.0,6600.0,Nov,1992-11-01,
503,1992.0,12.0,6500.0,Dec,1992-12-01,
504,1993.0,1.0,6600.0,Jan,1993-01-01,
505,1993.0,2.0,6700.0,Feb,1993-02-01,
506,1993.0,3.0,6600.0,Mar,1993-03-01,
507,1993.0,4.0,6600.0,Apr,1993-04-01,
508,1993.0,5.0,6800.0,May,1993-05-01,
509,1993.0,6.0,6700.0,Jun,1993-06-01,
510,1993.0,7.0,6800.0,Jul,1993-07-01,
511,1993.0,8.0,7100.0,Aug,1993-08-01,
512,1993.0,9.0,7100.0,Sep,1993-09-01,
513,1993.0,10.0,7400.0,Oct,1993-10-01,
514,1993.0,11.0,7400.0,Nov,1993-11-01,
515,1993.0,12.0,7500.0,Dec,1993-12-01,
516,1994.0,1.0,7700.0,Jan,1994-01-01,
517,1994.0,2.0,7900.0,Feb,1994-02-01,
518,1994.0,3.0,8000.0,Mar,1994-03-01,
519,1994.0,4.0,8000.0,Apr,1994-04-01,
520,1994.0,5.0,8300.0,May,1994-05-01,
521,1994.0,6.0,8100.0,Jun,1994-06-01,
522,1994.0,7.0,8500.0,Jul,1994-07-01,
523,1994.0,8.0,8200.0,Aug,1994-08-01,
524,1994.0,9.0,8300.0,Sep,1994-09-01,
525,1994.0,10.0,8800.0,Oct,1994-10-01,
526,1994.0,11.0,8700.0,Nov,1994-11-01,
527,1994.0,12.0,9000.0,Dec,1994-12-01,
528,1995.0,1.0,8800.0,Jan,1995-01-01,
529,1995.0,2.0,8700.0,Feb,1995-02-01,
530,1995.0,3.0,8500.0,Mar,1995-03-01,
531,1995.0,4.0,8600.0,Apr,1995-04-01,
532,1995.0,5.0,8000.0,May,1995-05-01,
533,1995.0,6.0,8200.0,Jun,1995-06-01,
534,1995.0,7.0,8500.0,Jul,1995-07-01,
535,1995.0,8.0,8400.0,Aug,1995-08-01,
536,1995.0,9.0,8300.0,Sep,1995-09-01,
537,1995.0,10.0,8500.0,Oct,1995-10-01,
538,1995.0,11.0,8200.0,Nov,1995-11-01,
539,1995.0,12.0,8800.0,Dec,1995-12-01,
540,1996.0,1.0,8500.0,Jan,1996-01-01,
541,1996.0,2.0,8200.0,Feb,1996-02-01,
542,1996.0,3.0,8400.0,Mar,1996-03-01,
543,1996.0,4.0,8200.0,Apr,1996-04-01,
544,1996.0,5.0,7900.0,May,1996-05-01,
545,1996.0,6.0,8500.0,Jun,1996-06-01,
546,1996.0,7.0,8200.0,Jul,1996-07-01,
547,1996.0,8.0,8100.0,Aug,1996-08-01,
548,1996.0,9.0,8400.0,Sep,1996-09-01,
549,1996.0,10.0,8100.0,Oct,1996-10-01,
550,1996.0,11.0,8700.0,Nov,1996-11-01,
551,1996.0,12.0,8600.0,Dec,1996-12-01,
552,1997.0,1.0,8500.0,Jan,1997-01-01,
553,1997.0,2.0,8900.0,Feb,1997-02-01,
554,1997.0,3.0,8700.0,Mar,1997-03-01,
555,1997.0,4.0,8600.0,Apr,1997-04-01,
556,1997.0,5.0,8200.0,May,1997-05-01,
557,1997.0,6.0,8800.0,Jun,1997-06-01,
558,1997.0,7.0,8500.0,Jul,1997-07-01,
559,1997.0,8.0,8600.0,Aug,1997-08-01,
560,1997.0,9.0,9000.0,Sep,1997-09-01,
561,1997.0,10.0,8800.0,Oct,1997-10-01,
562,1997.0,11.0,9300.0,Nov,1997-11-01,
563,1997.0,12.0,8700.0,Dec,1997-12-01,
564,1998.0,1.0,9000.0,Jan,1998-01-01,
565,1998.0,2.0,9200.0,Feb,1998-02-01,
566,1998.0,3.0,9200.0,Mar,1998-03-01,
567,1998.0,4.0,9000.0,Apr,1998-04-01,
568,1998.0,5.0,9100.0,May,1998-05-01,
569,1998.0,6.0,8900.0,Jun,1998-06-01,
570,1998.0,7.0,8900.0,Jul,1998-07-01,
571,1998.0,8.0,9000.0,Aug,1998-08-01,
572,1998.0,9.0,8600.0,Sep,1998-09-01,
573,1998.0,10.0,8500.0,Oct,1998-10-01,
574,1998.0,11.0,9000.0,Nov,1998-11-01,
575,1998.0,12.0,8700.0,Dec,1998-12-01,
576,1999.0,1.0,9200.0,Jan,1999-01-01,
577,1999.0,2.0,9300.0,Feb,1999-02-01,
578,1999.0,3.0,8900.0,Mar,1999-03-01,
579,1999.0,4.0,8800.0,Apr,1999-04-01,
580,1999.0,5.0,8900.0,May,1999-05-01,
581,1999.0,6.0,8500.0,Jun,1999-06-01,
582,1999.0,7.0,8600.0,Jul,1999-07-01,
583,1999.0,8.0,8600.0,Aug,1999-08-01,
584,1999.0,9.0,8300.0,Sep,1999-09-01,
585,1999.0,10.0,8600.0,Oct,1999-10-01,
586,1999.0,11.0,8500.0,Nov,1999-11-01,
587,1999.0,12.0,8700.0,Dec,1999-12-01,
588,2000.0,1.0,8900.0,Jan,2000-01-01,
589,2000.0,2.0,9000.0,Feb,2000-02-01,
590,2000.0,3.0,8800.0,Mar,2000-03-01,
591,2000.0,4.0,8900.0,Apr,2000-04-01,
592,2000.0,5.0,8300.0,May,2000-05-01,
593,2000.0,6.0,8200.0,Jun,2000-06-01,
594,2000.0,7.0,8200.0,Jul,2000-07-01,
595,2000.0,8.0,7700.0,Aug,2000-08-01,
596,2000.0,9.0,7900.0,Sep,2000-09-01,
597,2000.0,10.0,7800.0,Oct,2000-10-01,
598,2000.0,11.0,7500.0,Nov,2000-11-01,
599,2000.0,12.0,5266.603373571718,Dec,2000-12-01,4736.0
600,2001.0,1.0,5935.412552091765,Jan,2001-01-01,5385.0
601,2001.0,2.0,5186.222609435256,Feb,2001-02-01,4658.0
602,2001.0,3.0,5088.322960807514,Mar,2001-03-01,4563.0
603,2001.0,4.0,5436.639605398849,Apr,2001-04-01,4901.0
604,2001.0,5.0,5074.926166784771,May,2001-05-01,4550.0
605,2001.0,6.0,4796.6850601585575,Jun,2001-06-01,4280.0
606,2001.0,7.0,5022.36951331093,Jul,2001-07-01,4499.0
607,2001.0,8.0,4646.2287580569755,Aug,2001-08-01,4134.0
608,2001.0,9.0,4482.37566193265,Sep,2001-09-01,3975.0
609,2001.0,10.0,4101.082293593024,Oct,2001-10-01,3605.0
610,2001.0,11.0,3876.4283630577843,Nov,2001-11-01,3387.0
611,2001.0,12.0,3874.367317823516,Dec,2001-12-01,3385.0
612,2002.0,1.0,4259.782776631679,Jan,2002-01-01,3759.0
613,2002.0,2.0,3860.9705238007723,Feb,2002-02-01,3372.0
614,2002.0,3.0,4045.4340722677807,Mar,2002-03-01,3551.0
615,2002.0,4.0,3964.0227855141848,Apr,2002-04-01,3472.0
616,2002.0,5.0,4091.807590038816,May,2002-05-01,3596.0
617,2002.0,6.0,3853.7568654808333,Jun,2002-06-01,3365.0
618,2002.0,7.0,3901.1609058690033,Jul,2002-07-01,3411.0
619,2002.0,8.0,3982.572192622599,Aug,2002-08-01,3490.0
620,2002.0,9.0,3795.0170763041883,Sep,2002-09-01,3308.0
621,2002.0,10.0,4028.9457103936347,Oct,2002-10-01,3535.0
622,2002.0,11.0,3905.2829963375398,Nov,2002-11-01,3415.0
623,2002.0,12.0,3418.876321050233,Dec,2002-12-01,2943.0
624,2003.0,1.0,4326.766746745397,Jan,2003-01-01,3824.0
625,2003.0,2.0,3870.2452273549793,Feb,2003-02-01,3381.0
626,2003.0,3.0,3531.2032863178524,Mar,2003-03-01,3052.0
627,2003.0,4.0,3827.9938000524803,Apr,2003-04-01,3340.0
628,2003.0,5.0,3717.727880019129,May,2003-05-01,3233.0
629,2003.0,6.0,3821.810664349676,Jun,2003-06-01,3334.0
630,2003.0,7.0,3755.857216853092,Jul,2003-07-01,3270.0
631,2003.0,8.0,3769.2540108758353,Aug,2003-08-01,3283.0
632,2003.0,9.0,3553.874783894803,Sep,2003-09-01,3074.0
633,2003.0,10.0,3688.8732467393734,Oct,2003-10-01,3205.0
634,2003.0,11.0,3639.4081611169354,Nov,2003-11-01,3157.0
635,2003.0,12.0,3698.147950293581,Dec,2003-12-01,3214.0
636,2004.0,1.0,3950.6259914914413,Jan,2004-01-01,3459.0
637,2004.0,2.0,3891.886202314796,Feb,2004-02-01,3402.0
638,2004.0,3.0,3869.2147047378453,Mar,2004-03-01,3380.0
639,2004.0,4.0,4125.814836404243,Apr,2004-04-01,3629.0
640,2004.0,5.0,4157.761037535401,May,2004-05-01,3660.0
641,2004.0,6.0,3914.557699891747,Jun,2004-06-01,3424.0
642,2004.0,7.0,4440.124234630151,Jul,2004-07-01,3934.0
643,2004.0,8.0,4115.509610232902,Aug,2004-08-01,3619.0
644,2004.0,9.0,4242.263892140399,Sep,2004-09-01,3742.0
645,2004.0,10.0,4293.790022997105,Oct,2004-10-01,3792.0
646,2004.0,11.0,3722.8804931048,Nov,2004-11-01,3238.0
647,2004.0,12.0,4147.455811364059,Dec,2004-12-01,3650.0
648,2005.0,1.0,4168.066263706742,Jan,2005-01-01,3670.0
649,2005.0,2.0,4348.407721705214,Feb,2005-02-01,3845.0
650,2005.0,3.0,4333.980405065336,Mar,2005-03-01,3831.0
651,2005.0,4.0,4758.5557233245945,Apr,2005-04-01,4243.0
652,2005.0,5.0,4388.598103773445,May,2005-05-01,3884.0
653,2005.0,6.0,4530.8102249379535,Jun,2005-06-01,4022.0
654,2005.0,7.0,4836.875442226788,Jul,2005-07-01,4319.0
655,2005.0,8.0,4583.366878411794,Aug,2005-08-01,4073.0
656,2005.0,9.0,4752.37258762179,Sep,2005-09-01,4237.0
657,2005.0,10.0,4793.593492307155,Oct,2005-10-01,4277.0
658,2005.0,11.0,4734.85370313051,Nov,2005-11-01,4220.0
659,2005.0,12.0,4574.0921748575865,Dec,2005-12-01,4064.0
660,2006.0,1.0,4815.2344672669715,Jan,2006-01-01,4298.0
661,2006.0,2.0,4744.128406684717,Feb,2006-02-01,4229.0
662,2006.0,3.0,5016.186377608126,Mar,2006-03-01,4493.0
663,2006.0,4.0,5208.894107012207,Apr,2006-04-01,4680.0
664,2006.0,5.0,4909.012025426177,May,2006-05-01,4389.0
665,2006.0,6.0,4867.791120740812,Jun,2006-06-01,4349.0
666,2006.0,7.0,4666.8392103996575,Jul,2006-07-01,4154.0
667,2006.0,8.0,5085.231392956112,,2006-08-01,4560.0
668,2006.0,9.0,5039.88839780221,,2006-09-01,4516.0
669,2006.0,10.0,4994.545402648309,,2006-10-01,4472.0
670,2006.0,11.0,4859.546939803739,,2006-11-01,4341.0
671,2006.0,12.0,4794.624014924289,,2006-12-01,4278.0
672,2007.0,1.0,5157.367976155501,,2007-01-01,4630.0
673,2007.0,2.0,4987.33174432837,,2007-02-01,4465.0
674,2007.0,3.0,5194.466790372329,,2007-03-01,4666.0
675,2007.0,4.0,5357.289363879521,,2007-04-01,4824.0
676,2007.0,5.0,5074.926166784771,,2007-05-01,4550.0
677,2007.0,6.0,5134.69647857855,,2007-06-01,4608.0
678,2007.0,7.0,5013.094809756723,,2007-07-01,4490.0
679,2007.0,8.0,5080.078779870441,,2007-08-01,4555.0
680,2007.0,9.0,5047.102056122149,,2007-09-01,4523.0
681,2007.0,10.0,4817.29551250124,,2007-10-01,4300.0
682,2007.0,11.0,4668.9002556339265,,2007-11-01,4156.0
683,2007.0,12.0,4634.8930092685,,2007-12-01,4123.0
684,2008.0,1.0,4776.0746078158745,,2008-01-01,4260.0
685,2008.0,2.0,4551.420677280636,,2008-02-01,4042.0
686,2008.0,3.0,4509.169249978137,,2008-03-01,4001.0
687,2008.0,4.0,4609.129943840147,,2008-04-01,4098.0
688,2008.0,5.0,4466.917822675638,,2008-05-01,3960.0
689,2008.0,6.0,4268.026957568752,,2008-06-01,3767.0
690,2008.0,7.0,4323.675178893995,,2008-07-01,3821.0
691,2008.0,8.0,4162.913650621071,,2008-08-01,3665.0
692,2008.0,9.0,3749.674081150287,,2008-09-01,3264.0
693,2008.0,10.0,3778.5287144300423,,2008-10-01,3292.0
694,2008.0,11.0,3432.2731150729765,,2008-11-01,2956.0
695,2008.0,12.0,3302.427265314077,,2008-12-01,2830.0
696,2009.0,1.0,3237.504340434627,,2009-01-01,2767.0
697,2009.0,2.0,3262.236883245846,,2009-02-01,2791.0
698,2009.0,3.0,2953.0800981056086,,2009-03-01,2491.0
699,2009.0,4.0,2814.9900674096357,,2009-04-01,2357.0
700,2009.0,5.0,2887.1266506090246,,2009-05-01,2427.0
701,2009.0,6.0,2888.1571732261586,,2009-06-01,2428.0
702,2009.0,7.0,2649.0759260510417,,2009-07-01,2196.0
703,2009.0,8.0,2762.433413935795,,2009-08-01,2306.0
704,2009.0,9.0,2939.683304082865,,2009-09-01,2478.0
705,2009.0,10.0,2859.302539946403,,2009-10-01,2400.0
706,2009.0,11.0,2807.776409089697,,2009-11-01,2350.0
707,2009.0,12.0,2866.516198266342,,2009-12-01,2407.0
708,2010.0,1.0,3102.5058775900566,,2010-01-01,2636.0
709,2010.0,2.0,3042.735565796277,,2010-02-01,2578.0
710,2010.0,3.0,3133.42155610408,,2010-03-01,2666.0
711,2010.0,4.0,3704.3310859963854,,2010-04-01,3220.0
712,2010.0,5.0,3365.2891449592585,,2010-05-01,2891.0
713,2010.0,6.0,3131.360510869812,,2010-06-01,2664.0
714,2010.0,7.0,3441.5478186271835,,2010-07-01,2965.0
715,2010.0,8.0,3395.174300856148,,2010-08-01,2920.0
716,2010.0,9.0,3237.504340434627,,2010-09-01,2767.0
717,2010.0,10.0,3511.623356592304,,2010-10-01,3033.0
718,2010.0,11.0,3388.991165153343,,2010-11-01,2914.0
719,2010.0,12.0,3330.251375976698,,2010-12-01,2857.0
720,2011.0,1.0,3414.7542305816964,,2011-01-01,2939.0
721,2011.0,2.0,3535.325376786389,,2011-02-01,3056.0
722,2011.0,3.0,3611.584050454314,,2011-03-01,3130.0
723,2011.0,4.0,3773.376101344372,,2011-04-01,3287.0
724,2011.0,5.0,3595.095688580168,,2011-05-01,3114.0
725,2011.0,6.0,3708.453176464922,,2011-06-01,3224.0
726,2011.0,7.0,3967.1143533655872,,2011-07-01,3475.0
727,2011.0,8.0,3650.743909905411,,2011-08-01,3168.0
728,2011.0,9.0,3987.7248057082697,,2011-09-01,3495.0
729,2011.0,10.0,3911.4661320403443,,2011-10-01,3421.0
730,2011.0,11.0,3635.286070648399,,2011-11-01,3153.0
731,2011.0,12.0,3857.87895594937,,2011-12-01,3369.0
732,2012.0,1.0,4161.883128003937,,2012-01-01,3664.0
733,2012.0,2.0,3993.9079414110743,,2012-02-01,3501.0
734,2012.0,3.0,4355.621380025153,,2012-03-01,3852.0
735,2012.0,4.0,4160.852605386803,,2012-04-01,3663.0
736,2012.0,5.0,4205.16507792357,,2012-05-01,3706.0
737,2012.0,6.0,4293.790022997105,,2012-06-01,3792.0
738,2012.0,7.0,4192.798806517961,,2012-07-01,3694.0
739,2012.0,8.0,4152.60842444973,,2012-08-01,3655.0
740,2012.0,9.0,4026.8846651593663,,2012-09-01,3533.0
741,2012.0,10.0,4212.378736243509,,2012-10-01,3713.0
742,2012.0,11.0,4050.5866853534512,,2012-11-01,3556.0
743,2012.0,12.0,4071.1971376961337,,2012-12-01,3576.0
744,2013.0,1.0,4211.348213626375,,2013-01-01,3712.0
745,2013.0,2.0,4479.2840940812475,,2013-02-01,3972.0
746,2013.0,3.0,4406.116988264725,,2013-03-01,3901.0
747,2013.0,4.0,4468.978867909906,,2013-04-01,3962.0
748,2013.0,5.0,4390.659149007713,,2013-05-01,3886.0
749,2013.0,6.0,4418.483259670334,,2013-06-01,3913.0
750,2013.0,7.0,4420.5443049046025,,2013-07-01,3915.0
751,2013.0,8.0,4426.727440607407,,2013-08-01,3921.0
752,2013.0,9.0,4492.680888103991,,2013-09-01,3985.0
753,2013.0,10.0,4615.3130795429515,,2013-10-01,4104.0
754,2013.0,11.0,4382.41496807064,,2013-11-01,3878.0
755,2013.0,12.0,4242.263892140399,,2013-12-01,3742.0
756,2014.0,1.0,4388.598103773445,,2014-01-01,3884.0
757,2014.0,2.0,4609.129943840147,,2014-02-01,4098.0
758,2014.0,3.0,4716.3042960220955,,2014-03-01,4202.0
759,2014.0,4.0,5100.689232213124,,2014-04-01,4575.0
760,2014.0,5.0,5129.543865492879,,2014-05-01,4603.0
761,2014.0,6.0,5219.199333183548,,2014-06-01,4690.0
762,2014.0,7.0,5208.894107012207,,2014-07-01,4680.0
763,2014.0,8.0,5489.196258872689,,2014-08-01,4952.0
764,2014.0,9.0,5186.222609435256,,2014-09-01,4658.0
765,2014.0,10.0,5431.486992313178,,2014-10-01,4896.0
766,2014.0,11.0,5251.145534314706,,2014-11-01,4721.0
767,2014.0,12.0,5348.014660325314,,2014-12-01,4815.0
768,2015.0,1.0,5509.806711215372,,2015-01-01,4972.0
769,2015.0,2.0,5673.659807339697,,2015-02-01,5131.0
770,2015.0,3.0,5724.15541557927,,2015-03-01,5180.0
771,2015.0,4.0,6136.36446243292,,2015-04-01,5580.0
772,2015.0,5.0,5936.443074708899,,2015-05-01,5386.0
773,2015.0,6.0,5711.78914417366,,2015-06-01,5168.0
774,2015.0,7.0,6350.713166796818,,2015-07-01,5788.0
775,2015.0,8.0,5856.062310572438,,2015-08-01,5308.0
776,2015.0,9.0,5909.649486663412,,2015-09-01,5360.0
777,2015.0,10.0,5973.541888925728,,2015-10-01,5422.0
778,2015.0,11.0,5742.704822687684,,2015-11-01,5198.0
779,2015.0,12.0,5828.238199909816,,2015-12-01,5281.0
780,2016.0,1.0,6161.097005244138,,2016-01-01,5604.0
781,2016.0,2.0,5997.243909119813,,2016-02-01,5445.0
